{
  "imports": {
    "@material/animation/animationframe": "./@material/animation/animationframe.js",
    "@material/base/foundation": "./@material/base/foundation.js",
    "@material/dialog/constants": "./@material/dialog/constants.js",
    "@material/dialog/foundation": "./@material/dialog/foundation.js",
    "@material/dom/events": "./@material/dom/events.js",
    "@material/dom/keyboard": "./@material/dom/keyboard.js",
    "@material/dom/ponyfill": "./@material/dom/ponyfill.js",
    "@material/drawer/constants": "./@material/drawer/constants.js",
    "@material/drawer/dismissible/foundation": "./@material/drawer/dismissible/foundation.js",
    "@material/drawer/modal/foundation": "./@material/drawer/modal/foundation.js",
    "@material/floating-label/foundation": "./@material/floating-label/foundation.js",
    "@material/form-field/foundation": "./@material/form-field/foundation.js",
    "@material/line-ripple/foundation": "./@material/line-ripple/foundation.js",
    "@material/list/constants": "./@material/list/constants.js",
    "@material/list/typeahead": "./@material/list/typeahead.js",
    "@material/menu-surface/constants": "./@material/menu-surface/constants.js",
    "@material/menu-surface/foundation": "./@material/menu-surface/foundation.js",
    "@material/menu/constants": "./@material/menu/constants.js",
    "@material/menu/foundation": "./@material/menu/foundation.js",
    "@material/mwc-base/aria-property": "./@material/mwc-base/aria-property.js",
    "@material/mwc-base/base-element": "./@material/mwc-base/base-element.js",
    "@material/mwc-base/form-element": "./@material/mwc-base/form-element.js",
    "@material/mwc-base/observer": "./@material/mwc-base/observer.js",
    "@material/mwc-base/utils": "./@material/mwc-base/utils.js",
    "@material/mwc-button": "./@material/mwc-button.js",
    "@material/mwc-checkbox": "./@material/mwc-checkbox.js",
    "@material/mwc-circular-progress-four-color": "./@material/mwc-circular-progress-four-color.js",
    "@material/mwc-circular-progress/mwc-circular-progress-base": "./@material/mwc-circular-progress/mwc-circular-progress-base.js",
    "@material/mwc-dialog": "./@material/mwc-dialog.js",
    "@material/mwc-drawer": "./@material/mwc-drawer.js",
    "@material/mwc-fab": "./@material/mwc-fab.js",
    "@material/mwc-floating-label": "./@material/mwc-floating-label.js",
    "@material/mwc-formfield": "./@material/mwc-formfield.js",
    "@material/mwc-icon": "./@material/mwc-icon.js",
    "@material/mwc-icon-button": "./@material/mwc-icon-button.js",
    "@material/mwc-icon-button-toggle": "./@material/mwc-icon-button-toggle.js",
    "@material/mwc-icon-button/mwc-icon-button.css": "./@material/mwc-icon-button/mwc-icon-button.css.js",
    "@material/mwc-icon/mwc-icon": "./@material/mwc-icon/mwc-icon.js",
    "@material/mwc-line-ripple": "./@material/mwc-line-ripple.js",
    "@material/mwc-linear-progress": "./@material/mwc-linear-progress.js",
    "@material/mwc-list": "./@material/mwc-list.js",
    "@material/mwc-list/mwc-check-list-item": "./@material/mwc-list/mwc-check-list-item.js",
    "@material/mwc-list/mwc-list-base": "./@material/mwc-list/mwc-list-base.js",
    "@material/mwc-list/mwc-list-foundation": "./@material/mwc-list/mwc-list-foundation.js",
    "@material/mwc-list/mwc-list-item": "./@material/mwc-list/mwc-list-item.js",
    "@material/mwc-list/mwc-radio-list-item": "./@material/mwc-list/mwc-radio-list-item.js",
    "@material/mwc-menu": "./@material/mwc-menu.js",
    "@material/mwc-notched-outline": "./@material/mwc-notched-outline.js",
    "@material/mwc-radio": "./@material/mwc-radio.js",
    "@material/mwc-ripple/mwc-ripple": "./@material/mwc-ripple/mwc-ripple.js",
    "@material/mwc-ripple/ripple-handlers": "./@material/mwc-ripple/ripple-handlers.js",
    "@material/mwc-select": "./@material/mwc-select.js",
    "@material/mwc-snackbar": "./@material/mwc-snackbar.js",
    "@material/mwc-switch": "./@material/mwc-switch.js",
    "@material/mwc-tab": "./@material/mwc-tab.js",
    "@material/mwc-tab-bar": "./@material/mwc-tab-bar.js",
    "@material/mwc-tab-indicator": "./@material/mwc-tab-indicator.js",
    "@material/mwc-tab-scroller": "./@material/mwc-tab-scroller.js",
    "@material/mwc-textfield": "./@material/mwc-textfield.js",
    "@material/mwc-top-app-bar-fixed": "./@material/mwc-top-app-bar-fixed.js",
    "@material/mwc-top-app-bar/mwc-top-app-bar-base": "./@material/mwc-top-app-bar/mwc-top-app-bar-base.js",
    "@material/mwc-top-app-bar/mwc-top-app-bar-base-base": "./@material/mwc-top-app-bar/mwc-top-app-bar-base-base.js",
    "@material/mwc-top-app-bar/mwc-top-app-bar.css": "./@material/mwc-top-app-bar/mwc-top-app-bar.css.js",
    "@material/notched-outline/foundation": "./@material/notched-outline/foundation.js",
    "@material/radio/foundation": "./@material/radio/foundation.js",
    "@material/ripple/foundation": "./@material/ripple/foundation.js",
    "@material/select/foundation": "./@material/select/foundation.js",
    "@material/snackbar/foundation": "./@material/snackbar/foundation.js",
    "@material/switch/deprecated/foundation": "./@material/switch/deprecated/foundation.js",
    "@material/tab-bar/foundation": "./@material/tab-bar/foundation.js",
    "@material/tab-indicator/fading-foundation": "./@material/tab-indicator/fading-foundation.js",
    "@material/tab-indicator/sliding-foundation": "./@material/tab-indicator/sliding-foundation.js",
    "@material/tab-scroller/foundation": "./@material/tab-scroller/foundation.js",
    "@material/tab/foundation": "./@material/tab/foundation.js",
    "@material/textfield/foundation": "./@material/textfield/foundation.js",
    "@material/top-app-bar/constants": "./@material/top-app-bar/constants.js",
    "@material/top-app-bar/fixed/foundation": "./@material/top-app-bar/fixed/foundation.js",
    "@material/top-app-bar/foundation": "./@material/top-app-bar/foundation.js",
    "@material/top-app-bar/standard/foundation": "./@material/top-app-bar/standard/foundation.js",
    "ace-custom-element": "./ace-custom-element.js",
    "blocking-elements": "./blocking-elements.js",
    "carehtml": "./carehtml.js",
    "fast-check": "./fast-check.js",
    "lit-element": "./lit-element.js",
    "lit-html": "./lit-html.js",
    "lit-html/async-directive": "./lit-html/async-directive.js",
    "lit-html/directive": "./lit-html/directive.js",
    "lit-html/directives/class-map": "./lit-html/directives/class-map.js",
    "lit-html/directives/if-defined": "./lit-html/directives/if-defined.js",
    "lit-html/directives/live": "./lit-html/directives/live.js",
    "lit-html/directives/repeat": "./lit-html/directives/repeat.js",
    "lit-html/directives/style-map": "./lit-html/directives/style-map.js",
    "lit-html/directives/unsafe-html": "./lit-html/directives/unsafe-html.js",
    "lit-html/directives/until": "./lit-html/directives/until.js",
    "lit-html/lib/shady-render.js": "./lit-html/lib/shady-render.js",
    "lit-html/lit-html.js": "./lit-html/lit-html.js",
    "lit-translate": "./lit-translate.js",
    "marked": "./marked.js",
    "pure-rand": "./pure-rand.js",
    "tslib": "./tslib.js",
    "wicg-inert": "./wicg-inert.js"
  }
}